"Lag","RR","Lower","Upper"
0,1.01161894016517,1.00756354850472,1.01569065456928
1,1.01895421876724,1.01262343672193,1.02532457998864
2,1.02246901664044,1.01528069407941,1.02970823348277
3,1.02323974486458,1.01593427491529,1.03059774763266
4,1.02291022598187,1.0155452660211,1.03032859826905
5,1.02313191373617,1.01557618863368,1.0307438522301
6,1.02502327875721,1.01718207669097,1.03292492668782
7,1.0291550477006,1.02045276389747,1.03793154340856
