"Lag","RR","Lower","Upper"
0,1.01161894016517,1.00756354850472,1.01569065456928
1,1.00725102932619,1.00494511477887,1.00956223495044
2,1.00344941687121,1.0020232126192,1.00487765107475
3,1.00075379127542,0.999077035368372,1.00243336129017
4,0.999677965125616,0.997921907007633,1.00143711340536
5,1.00021672259077,0.998861973151234,1.0015733094674
6,1.00184860328922,1.00040330742533,1.00329598719112
7,1.00403090254536,1.00139904330072,1.00666967879589
