"Lag","RR","Lower","Upper"
0,1.01154513679791,1.00656359635579,1.01655133116678
1,1.01833295364352,1.01183762368684,1.02486997933305
2,1.02150092158047,1.01445308293985,1.02859772456488
3,1.02307492784225,1.01561980959801,1.03058477009592
4,1.02428544868588,1.01651813154619,1.03211211667597
