"Lag","RR","Lower","Upper"
0,1.01154513679791,1.00656359635579,1.01655133116678
1,1.00671034499468,1.0042740503763,1.00915254988374
2,1.00311093530423,0.999989152900264,1.00624246333929
3,1.00154087600757,0.999449902065258,1.00363622452836
4,1.00118321816975,0.997236288145741,1.0051457696235
