"Lag","RR","Lower","Upper"
0,1.00888309803328,1.00599068386081,1.01178382844554
1,1.00558666239997,1.00390882836753,1.00726730059843
2,1.00269526697936,1.0014931752429,1.00389880158591
3,1.00059892077298,0.999158092017807,1.00204182726491
4,0.999669370213097,0.998211169463806,1.00112970112231
5,0.999903368084398,0.998833066405322,1.0009748166475
6,1.00092441214384,0.999908801215517,1.0019410546318
7,1.00234062879086,1.00042931289871,1.00425559624378
