"Lag","RR","Lower","Upper"
0,1.00888309803328,1.00599068386081,1.01178382844554
1,1.01451938730303,1.01000322141916,1.01905574693861
2,1.01725378790755,1.01205782774718,1.02247642441115
3,1.01786304233252,1.01238947954238,1.02336619836737
4,1.01752650649173,1.01174093983407,1.0233451574897
5,1.01742818095623,1.01132444465052,1.02356875568417
6,1.0183687039222,1.01210115756748,1.0246750627385
7,1.0207523270303,1.01418990527879,1.02735721161744
