"Lag","RR","Lower","Upper"
0,0.996467863344482,0.989128522903621,1.00386166174188
1,1.00050236887627,0.997168557983911,1.00384732562254
2,1.00365967073939,1.00087959313998,1.00644747037801
3,1.00503661063396,1.0005869870651,1.00950602173769
4,1.00376946016062,0.999348530077058,1.00820994760801
5,0.999868211751317,0.997172652614593,1.00257105752897
6,0.994211084497413,0.990912918764141,0.997520227882705
7,0.987706628631484,0.980376659641029,0.995091401502541
