"Lag","RR","Lower","Upper"
0,0.996467863344482,0.989128522903621,1.00386166174188
1,0.996968457785231,0.986575781857839,1.00747061107353
2,1.00061703407829,0.99018475950899,1.01115921980471
3,1.00565675247264,0.995876957983056,1.01553258732092
4,1.00944753553634,0.999026099690903,1.01997768358171
5,1.0093145022135,0.998004530650518,1.02075264499497
6,1.00347166584465,0.992181806036339,1.01488999095409
7,0.991135615998635,0.978073736247586,1.00437193321417
