"Lag","RR","Lower","Upper"
0,1.01175583277286,1.00679181876236,1.0167443219873
1,1.00672164319262,1.00429072347064,1.00915844703815
2,1.00300437462813,0.999906159787626,1.00611218930468
3,1.00144969208588,0.999407182055478,1.00349637643812
4,1.00118695091286,0.997272450544718,1.00511681650355
