"Lag","RR","Lower","Upper"
0,1.01175583277286,1.00679181876236,1.0167443219873
1,1.01855649447881,1.0120761989813,1.02507828312651
2,1.02161661976813,1.01458141626746,1.02870060603528
3,1.02309764929662,1.0156740620007,1.03057549577903
4,1.0243120159854,1.01661827136515,1.03206398669498
