"Lag","RR","Lower","Upper"
0,1.00570368486102,1.00278405083681,1.00863181948197
1,1.00874845434544,1.00427224990572,1.01324460995496
2,1.00945612421385,1.00450878669576,1.01442782801807
3,1.00851319546157,1.00367611272636,1.01337358986983
4,1.00694526411668,1.00228061002099,1.01163162769934
5,1.00577503500911,1.00119771425775,1.01037328256141
6,1.00569061500347,1.0011166535691,1.01028547422545
7,1.00703699576537,1.00184432862793,1.01225657705627
