"Lag","RR","Lower","Upper"
0,1.00570368486102,1.00278405083681,1.00863181948197
1,1.00302750156955,1.00143452379937,1.00462301328291
2,1.00070153254298,0.999789941698103,1.00161395456032
3,0.999065904173882,0.997924920748621,1.00020819214936
4,0.998445304085319,0.997254055520265,0.999637975630943
5,0.998837842384019,0.997993940405211,0.999682457964906
6,0.999916064723514,0.998912961823152,1.00092017493429
7,1.00133876238061,0.99931417217321,1.00336745436664
