"Lag","RR","Lower","Upper"
0,1.01431999414206,1.00882933496444,1.01984053680657
1,1.01823096351837,1.01178211242593,1.02472091800639
2,1.01913024038499,1.01152727476528,1.02679035234929
3,1.02456827167881,1.01716920728891,1.03202115814025
