"Lag","RR","Lower","Upper"
0,1.01431999414206,1.00882933496444,1.01984053680657
1,1.00385575498747,0.999999243736353,1.00772713892887
2,1.00088317572225,0.99726564188294,1.00451383199407
3,1.00533595322592,1.00060490862717,1.01008936707631
