"Lag","RR","Lower","Upper"
0,1.01145661230527,1.00740134564361,1.01552820333236
1,1.01871811085351,1.01238870664321,1.02508708618644
2,1.02223910276002,1.01504978193021,1.02947934358893
3,1.02307390847313,1.01575557786157,1.03044496629989
4,1.02283235280903,1.01543065206876,1.03028800619859
5,1.02313208398206,1.01550846440085,1.03081293555844
6,1.02506903388314,1.01712854199267,1.03307151539327
7,1.02920258843692,1.02038085457305,1.03810059087054
