"Lag","RR","Lower","Upper"
0,1.01145661230527,1.00740134564361,1.01552820333236
1,1.00717924867948,1.00487229566432,1.00949149792206
2,1.00345629656427,1.00201763736021,1.00489702134107
3,1.00081664427712,0.999117700509369,1.00251847700373
4,0.999763892264184,0.997979794160306,1.00155117981745
5,1.00029304037187,0.998901362598771,1.00168665704215
6,1.00189315722906,1.00041550467667,1.00337299233166
7,1.00403246456302,1.00138287324934,1.006689066516
